id,active,academic_year/id,class_id/id,create_uid/id,create_date,evaluation_type,division_id/id,divisional,write_uid/id,write_date,name,obj_mark,optional_for/id,paper,pass_mark,prac_mark,selection_type,display,subject_id/id,subject_type,subj_mark,description,total_mark,tut_mark,compulsory_for/id,tut_pass,subj_pass,obj_pass,prac_pass,selective_for/id
__export__.education_syllabus_1_3fc7a0e8,True,__export__.education_academic_year_1_19e0b085,__export__.education_class_1_d1a78863,base.user_root,2019-03-13 17:24:44,General,,False,base.user_root,2019-03-13 17:24:44,BengaliClass 1-2018,0,,,33,0,Compulsory,Bengali,,Theory,80,,100,20,,7,26,0,0,
__export__.education_syllabus_2_561debc3,True,__export__.education_academic_year_1_19e0b085,__export__.education_class_1_d1a78863,base.user_root,2019-03-13 17:24:44,General,,False,base.user_root,2019-03-13 17:24:44,EnglishClass 1-2018,0,,,33,0,Compulsory,English,,Theory,80,,100,20,,7,26,0,0,
__export__.education_syllabus_3_c6299c13,True,__export__.education_academic_year_1_19e0b085,__export__.education_class_1_d1a78863,base.user_root,2019-03-13 17:24:44,General,,False,base.user_root,2019-03-13 17:24:44,MathematicsClass 1-2018,0,,,33,0,Compulsory,Mathematics,,Theory,80,,100,20,,7,26,0,0,
__export__.education_syllabus_4_0ad1376c,True,__export__.education_academic_year_1_19e0b085,__export__.education_class_1_d1a78863,base.user_root,2019-03-13 17:24:44,General,,False,base.user_root,2019-03-13 17:24:44,Moral EducationClass 1-2018,0,,,33,0,Compulsory,Moral Education,,Theory,80,,100,20,,7,26,0,0,
__export__.education_syllabus_5_f1dd4938,True,__export__.education_academic_year_1_19e0b085,__export__.education_class_1_d1a78863,base.user_root,2019-03-13 17:24:44,General,,False,base.user_root,2019-03-13 17:24:44,ScienceClass 1-2018,0,,,33,0,Compulsory,Science,,Theory,80,,100,20,,7,26,0,0,
__export__.education_syllabus_6_71b06156,True,__export__.education_academic_year_4_bba79d68,__export__.education_class_11_1f003666,base.user_root,2019-03-13 17:24:44,General,,False,base.user_root,2019-03-13 17:24:44,Bangla-1stSSC Candidate-2019,30,,1st,33,0,Compulsory,Bangla-1st,,Theory,70,,100,0,,0,23,10,0,
__export__.education_syllabus_8_0c25e9c7,True,__export__.education_academic_year_4_bba79d68,__export__.education_class_11_1f003666,base.user_root,2019-03-13 17:24:44,General,,False,base.user_root,2019-03-13 17:24:44,Bangla-2nd SSC Candidate-2019,23,,2nd,33,0,Compulsory,Bangla-2nd,,Theory,70,,93,0,,0,23,10,0,
__export__.education_syllabus_9_56f0ef02,True,__export__.education_academic_year_4_bba79d68,__export__.education_class_11_1f003666,base.user_root,2019-03-13 17:24:44,General,,False,base.user_root,2019-03-13 17:24:44,English-1st SSC Candidate-2019,0,,1st,33,0,Compulsory,English-1st,,Theory,100,,100,0,,0,33,0,0,
__export__.education_syllabus_10_e3b00f25,True,__export__.education_academic_year_4_bba79d68,__export__.education_class_11_1f003666,base.user_root,2019-03-13 17:24:44,General,,False,base.user_root,2019-03-13 17:24:44,English-2nd SSC Candidate-2019,0,,2nd,33,0,Compulsory,English-2nd,,Theory,100,,100,0,,0,33,0,0,
__export__.education_syllabus_11_b0662423,True,__export__.education_academic_year_4_bba79d68,__export__.education_class_11_1f003666,base.user_root,2019-03-13 17:24:44,General,,False,base.user_root,2019-03-13 17:24:44,Mathematics SSC Candidate-2019,30,,,33,0,Compulsory,Mathematics,,Theory,70,,100,0,,0,23,10,0,
__export__.education_syllabus_12_9bd3abe9,True,__export__.education_academic_year_4_bba79d68,__export__.education_class_11_1f003666,base.user_root,2019-03-13 17:24:44,General,,False,base.user_root,2019-03-13 17:24:44,ICT SSC Candidate-2019,25,,,16,25,Compulsory,ICT,,Theory,0,,50,0,,0,0,8,8,
__export__.education_syllabus_13_94cfc7de,True,__export__.education_academic_year_4_bba79d68,__export__.education_class_11_1f003666,base.user_root,2019-03-13 17:24:44,General,,False,base.user_root,2019-03-13 17:24:44,Rel & Moral EduSSC Candidate-2019,30,,,33,0,Compulsory,Rel & Moral Edu,,Theory,70,,100,0,,0,23,10,0,
__export__.education_syllabus_14_0606a801,True,__export__.education_academic_year_4_bba79d68,__export__.education_class_11_1f003666,base.user_root,2019-03-13 17:24:44,General,education_core.division_data3,True,base.user_root,2019-03-13 17:24:44,Economics SSC Candidate-2019,30,,,33,0,Compulsory,Economics,,Theory,70,,100,0,,0,23,10,0,
__export__.education_syllabus_15_c792fded,True,__export__.education_academic_year_4_bba79d68,__export__.education_class_11_1f003666,base.user_root,2019-03-13 17:24:44,General,education_core.division_data3,True,base.user_root,2019-03-13 17:24:44,HB & Glb CP.SSC Candidate-2019,30,,,33,0,Compulsory,HB & Glb CP.,,Theory,70,,100,0,,0,23,10,0,
__export__.education_syllabus_16_c2158308,True,__export__.education_academic_year_4_bba79d68,__export__.education_class_11_1f003666,base.user_root,2019-03-13 17:24:44,General,education_core.division_data3,True,base.user_root,2019-03-13 17:24:44,GeographySSC Candidate-2019,30,,,33,0,Compulsory,Geography,,Theory,70,,100,0,,0,23,10,0,
__export__.education_syllabus_17_f5b590ee,True,__export__.education_academic_year_4_bba79d68,__export__.education_class_11_1f003666,base.user_root,2019-03-13 17:24:44,General,education_core.division_data3,True,base.user_root,2019-03-13 17:24:44,Gen Science SSC Candidate-2019,30,,,33,0,Compulsory,Gen Science,,Theory,70,,100,0,,0,23,10,0,
__export__.education_syllabus_18_50dcd9b7,True,__export__.education_academic_year_4_bba79d68,__export__.education_class_11_1f003666,base.user_root,2019-03-13 17:24:44,General,education_core.division_data3,True,base.user_root,2019-03-13 17:24:44,Home ScienceSSC Candidate-2019,0,,,0,0,Elective,Home Science,,Theory,0,,0,0,,0,0,0,0,
__export__.education_syllabus_19_c76e36ea,True,__export__.education_academic_year_4_bba79d68,__export__.education_class_11_1f003666,base.user_root,2019-03-13 17:24:44,Extra,,False,base.user_root,2019-03-13 17:24:44,Phy. EducationSSC Candidate-2019,0,,,33,0,Compulsory,Phy. Education,,Theory,100,,100,0,,0,33,0,0,
__export__.education_syllabus_20_349a061e,True,__export__.education_academic_year_4_bba79d68,__export__.education_class_11_1f003666,base.user_root,2019-03-13 17:24:44,Extra,,False,base.user_root,2019-03-13 17:24:44,Career Education SSC Candidate-2019,0,,,17,0,Compulsory,Career Education,,Theory,50,,50,0,,0,17,0,0,
__export__.education_syllabus_21_cbfe02fe,True,__export__.education_academic_year_4_bba79d68,__export__.education_class_11_1f003666,base.user_root,2019-03-13 17:24:44,General,education_core.division_data1,True,base.user_root,2019-03-13 17:24:44,Bang & Global Int. SSC Candidate-2019,30,,,33,0,Compulsory,Bang & Global Int.,,Theory,70,,100,0,,0,23,10,0,
__export__.education_syllabus_22_f04560ce,True,__export__.education_academic_year_4_bba79d68,__export__.education_class_11_1f003666,base.user_root,2019-03-13 17:24:44,General,education_core.division_data1,True,base.user_root,2019-03-13 17:24:44,Physics SSC Candidate-2019,25,,,33,25,Compulsory,Physics ,,Theory,50,,100,0,,0,17,8,8,
__export__.education_syllabus_23_3546ee68,True,__export__.education_academic_year_4_bba79d68,__export__.education_class_11_1f003666,base.user_root,2019-03-13 17:24:44,General,education_core.division_data1,True,base.user_root,2019-03-13 17:24:44,ChemistrySSC Candidate-2019,25,,,33,25,Compulsory,Chemistry,,Theory,50,,100,0,,0,17,8,8,
__export__.education_syllabus_24_5032abc2,True,__export__.education_academic_year_4_bba79d68,__export__.education_class_11_1f003666,base.user_root,2019-03-13 17:24:44,General,education_core.division_data1,True,base.user_root,2019-03-13 17:24:44,H. Math SSC Candidate-2019,25,,,33,25,Elective,H. Math,,Theory,50,,100,0,,0,17,8,8,
__export__.education_syllabus_25_1dbe6cc6,True,__export__.education_academic_year_4_bba79d68,__export__.education_class_11_1f003666,base.user_root,2019-03-13 17:24:44,General,education_core.division_data1,True,base.user_root,2019-03-13 17:24:44,BiologySSC Candidate-2019,25,,,33,25,Elective,Biology,,Theory,50,,100,0,,0,17,8,8,
__export__.education_syllabus_25_4c3fde8c,True,__export__.education_academic_year_4_bba79d68,__export__.education_class_11_1f003666,base.user_root,2019-03-13 17:24:44,General,,False,base.user_root,2019-03-13 17:24:44,Arts & Crafts SSC-2019,15,,,33,25,Elective,Arts & Crafts,,Theory,60,,100,0,,0,20,5,8,
__export__.education_syllabus_26_a028e1be,True,__export__.education_academic_year_4_bba79d68,__export__.education_class_11_1f003666,base.user_root,2019-03-13 17:24:44,General,education_core.division_data2,True,base.user_root,2019-03-13 17:24:44,Business Ent.SSC Candidate-2019,30,,,33,0,Elective,Business Ent.,,Theory,70,,100,0,,0,23,10,0,
__export__.education_syllabus_27_8b5ff735,True,__export__.education_academic_year_4_bba79d68,__export__.education_class_11_1f003666,base.user_root,2019-03-13 17:24:44,General,,False,base.user_root,2019-03-13 17:24:44,Accounting SSC-2019,30,,,33,0,Elective,Accounting,,Theory,70,,100,0,,0,23,10,0,
__export__.education_syllabus_28_a4dfd693,True,__export__.education_academic_year_4_bba79d68,__export__.education_class_11_1f003666,base.user_root,2019-03-13 17:24:44,General,,False,base.user_root,2019-03-13 17:24:44,Finance SSC-2019,30,,,33,0,Elective,Finance,,Theory,70,,100,0,,0,23,10,0,
__export__.education_syllabus_29_5b13b7b8,True,__export__.education_academic_year_4_bba79d68,__export__.education_class_1_d1a78863,base.user_root,2019-03-13 17:24:44,General,,False,base.user_root,2019-03-13 17:24:44,Bangla Class 1-2019,0,,,33,0,Compulsory,Bangla,,Theory,80,,100,20,,0,0,0,0,
__export__.education_syllabus_30_64206676,True,__export__.education_academic_year_4_bba79d68,__export__.education_class_1_d1a78863,base.user_root,2019-03-13 17:24:44,General,,False,base.user_root,2019-03-13 17:24:44,English Class 1-2019,0,,,0,0,Compulsory,English,,Theory,80,,100,20,,0,0,0,0,
__export__.education_syllabus_31_d3fad583,True,__export__.education_academic_year_4_bba79d68,__export__.education_class_1_d1a78863,base.user_root,2019-03-13 17:24:44,General,,False,base.user_root,2019-03-13 17:24:44,Mathematics Class 1-2019,0,,,0,0,Compulsory,Mathematics,,Theory,80,,100,20,,0,0,0,0,
__export__.education_syllabus_32_3583a4b8,True,__export__.education_academic_year_4_bba79d68,__export__.education_class_1_d1a78863,base.user_root,2019-03-13 17:24:44,General,,False,base.user_root,2019-03-13 17:24:44,Rel & Moral Edu Class 1-2019,0,,,50,0,Compulsory,Rel & Moral Edu,,Theory,80,,100,20,,10,40,0,0,
__export__.education_syllabus_33_9fe9f909,True,__export__.education_academic_year_4_bba79d68,__export__.education_class_1_d1a78863,base.user_root,2019-03-13 17:24:44,General,,False,base.user_root,2019-03-13 17:24:44,Bang & Global Int. Class 1-2019,0,,,40,0,Compulsory,Bang & Global Int.,,Theory,80,,100,20,,10,30,0,0,
__export__.education_syllabus_34_eb3efa71,True,__export__.education_academic_year_4_bba79d68,__export__.education_class_1_d1a78863,base.user_root,2019-03-13 17:24:44,General,,False,base.user_root,2019-03-13 17:24:44,Bangla Dictation Class 1-2019,0,,,17,0,Compulsory,Bangla Dictation,,Theory,50,,50,0,,0,17,0,0,
__export__.education_syllabus_35_9afad177,True,__export__.education_academic_year_4_bba79d68,__export__.education_class_1_d1a78863,base.user_root,2019-03-13 17:24:44,General,,False,base.user_root,2019-03-13 17:24:44,English Dictation Class 1-2019,0,,,17,0,Compulsory,English Dictation,,Theory,50,,50,0,,0,17,0,0,
__export__.education_syllabus_36_b6783239,True,__export__.education_academic_year_4_bba79d68,__export__.education_class_1_d1a78863,base.user_root,2019-03-13 17:24:44,Extra,,False,base.user_root,2019-03-13 17:24:44,Arts & Crafts Class 1-2019,0,,,17,0,Compulsory,Arts & Crafts,,Theory,50,,50,0,,0,17,0,0,
__export__.education_syllabus_37_93253949,True,__export__.education_academic_year_4_bba79d68,__export__.education_class_2_8a4446be,base.user_root,2019-03-13 17:24:44,General,,False,base.user_root,2019-03-13 17:24:44,Bangla Class 2-2019,0,,,40,0,Compulsory,Bangla,,Theory,80,,100,20,,10,30,0,0,
__export__.education_syllabus_38_4abfae0c,True,__export__.education_academic_year_4_bba79d68,__export__.education_class_2_8a4446be,base.user_root,2019-03-13 17:24:44,General,,False,base.user_root,2019-03-13 17:24:44,EnglishClass 2-2019,0,,,40,0,Compulsory,English,,Theory,80,,100,20,,10,30,0,0,
__export__.education_syllabus_39_982d0171,True,__export__.education_academic_year_4_bba79d68,__export__.education_class_2_8a4446be,base.user_root,2019-03-13 17:24:44,General,,False,base.user_root,2019-03-13 17:24:44,Mathematics Class 2-2019,0,,,40,0,Compulsory,Mathematics,,Theory,80,,100,20,,10,30,0,0,
__export__.education_syllabus_40_db2dd6db,True,__export__.education_academic_year_4_bba79d68,__export__.education_class_2_8a4446be,base.user_root,2019-03-13 17:24:44,General,,False,base.user_root,2019-03-13 17:24:44,Rel & Moral EduClass 2-2019,0,,,40,0,Compulsory,Rel & Moral Edu,,Theory,80,,100,20,,10,30,0,0,
__export__.education_syllabus_41_c6dad511,True,__export__.education_academic_year_4_bba79d68,__export__.education_class_2_8a4446be,base.user_root,2019-03-13 17:24:44,General,,False,base.user_root,2019-03-13 17:24:44,Bang & Global Int.Class 2-2019,0,,,40,0,Compulsory,Bang & Global Int.,,Theory,80,,100,20,,10,30,0,0,
__export__.education_syllabus_42_25129ee6,True,__export__.education_academic_year_4_bba79d68,__export__.education_class_2_8a4446be,base.user_root,2019-03-13 17:24:44,General,,False,base.user_root,2019-03-13 17:24:44,Bangla Dictation Class 2-2019,0,,,17,0,Compulsory,Bangla Dictation,,Theory,50,,50,0,,0,17,0,0,
__export__.education_syllabus_43_97432a8e,True,__export__.education_academic_year_4_bba79d68,__export__.education_class_2_8a4446be,base.user_root,2019-03-13 17:24:44,General,,False,base.user_root,2019-03-13 17:24:44,English Dictation Class 2-2019,0,,,17,0,Compulsory,English Dictation,,Theory,50,,50,0,,0,17,0,0,
__export__.education_syllabus_44_626c8bf0,True,__export__.education_academic_year_4_bba79d68,__export__.education_class_2_8a4446be,base.user_root,2019-03-13 17:24:44,Extra,,False,base.user_root,2019-03-13 17:24:44,Arts & CraftsClass 2-2019,0,,,17,0,Compulsory,Arts & Crafts,,Theory,50,,50,0,,0,17,0,0,
__export__.education_syllabus_45_0ba59f24,True,__export__.education_academic_year_4_bba79d68,__export__.education_class_3_710c85ee,base.user_root,2019-03-13 17:24:44,General,,False,base.user_root,2019-03-13 17:24:44,Bangla Class 3-2019,0,,,40,0,Compulsory,Bangla,,Theory,80,,100,20,,10,30,0,0,
__export__.education_syllabus_46_4872fabd,True,__export__.education_academic_year_4_bba79d68,__export__.education_class_3_710c85ee,base.user_root,2019-03-13 17:24:44,General,,False,base.user_root,2019-03-13 17:24:44,English Class 3-2019,0,,,40,0,Compulsory,English,,Theory,80,,100,20,,10,30,0,0,
__export__.education_syllabus_47_22bcd18f,True,__export__.education_academic_year_4_bba79d68,__export__.education_class_3_710c85ee,base.user_root,2019-03-13 17:24:44,General,,False,base.user_root,2019-03-13 17:24:44,Mathematics Class 3-2019,0,,,40,0,Compulsory,Mathematics,,Theory,80,,100,20,,10,30,0,0,
__export__.education_syllabus_48_c2ad8253,True,__export__.education_academic_year_4_bba79d68,__export__.education_class_3_710c85ee,base.user_root,2019-03-13 17:24:44,General,,False,base.user_root,2019-03-13 17:24:44,Rel & Moral Edu Class 3-2019,0,,,40,0,Compulsory,Rel & Moral Edu,,Theory,80,,100,20,,10,30,0,0,
__export__.education_syllabus_49_788087d9,True,__export__.education_academic_year_4_bba79d68,__export__.education_class_3_710c85ee,base.user_root,2019-03-13 17:24:44,General,,False,base.user_root,2019-03-13 17:24:44,Bang & Global Int. Class 3-2019,0,,,40,0,Compulsory,Bang & Global Int.,,Theory,80,,100,20,,10,30,0,0,
__export__.education_syllabus_50_49a5c840,True,__export__.education_academic_year_4_bba79d68,__export__.education_class_3_710c85ee,base.user_root,2019-03-13 17:24:44,General,,False,base.user_root,2019-03-13 17:24:44,Gen Science Class 3-2019,0,,,40,0,Compulsory,Gen Science,,Theory,80,,100,20,,10,30,0,0,
__export__.education_syllabus_51_667778c8,True,__export__.education_academic_year_4_bba79d68,__export__.education_class_3_710c85ee,base.user_root,2019-03-13 17:24:44,General,,False,base.user_root,2019-03-13 17:24:44,Bangla Dictation Class 3-2019,0,,,17,0,Compulsory,Bangla Dictation,,Theory,50,,50,0,,0,17,0,0,
__export__.education_syllabus_52_2fcda724,True,__export__.education_academic_year_4_bba79d68,__export__.education_class_3_710c85ee,base.user_root,2019-03-13 17:24:44,General,,False,base.user_root,2019-03-13 17:24:44,English DictationClass 3-2019,0,,,17,0,Compulsory,English Dictation,,Theory,50,,50,0,,0,17,0,0,
__export__.education_syllabus_53_eafc3123,True,__export__.education_academic_year_4_bba79d68,__export__.education_class_3_710c85ee,base.user_root,2019-03-13 17:24:44,Extra,,False,base.user_root,2019-03-13 17:24:44,General Knowledge Class 3-2019,0,,,17,0,Compulsory,Gen. Knowledge,,Theory,50,,50,0,,0,17,0,0,
__export__.education_syllabus_54_c0cbf5cc,True,__export__.education_academic_year_4_bba79d68,__export__.education_class_3_710c85ee,base.user_root,2019-03-13 17:24:44,Extra,,False,base.user_root,2019-03-13 17:24:44,Phy. Education Class 3-2019,0,,,17,0,Compulsory,Phy. Education,,Theory,50,,50,0,,0,17,0,0,
__export__.education_syllabus_55_09490b89,True,__export__.education_academic_year_4_bba79d68,__export__.education_class_3_710c85ee,base.user_root,2019-03-13 17:24:44,Extra,,False,base.user_root,2019-03-13 17:24:44,Arts & Crafts Class 3-2019,0,,,17,0,Compulsory,Arts & Crafts,,Theory,50,,50,0,,0,17,0,0,
__export__.education_syllabus_56_e8482c6e,True,__export__.education_academic_year_4_bba79d68,__export__.education_class_4_0614aa18,base.user_root,2019-03-13 17:24:44,General,,False,base.user_root,2019-03-13 17:24:44,BanglaClass 4-2019,0,,,40,0,Compulsory,Bangla,,Theory,80,,100,20,,10,30,0,0,
__export__.education_syllabus_57_f34539d0,True,__export__.education_academic_year_4_bba79d68,__export__.education_class_4_0614aa18,base.user_root,2019-03-13 17:24:44,General,,False,base.user_root,2019-03-13 17:24:44,EnglishClass 4-2019,0,,,40,0,Compulsory,English,,Theory,80,,100,20,,10,30,0,0,
__export__.education_syllabus_58_694edc40,True,__export__.education_academic_year_4_bba79d68,__export__.education_class_4_0614aa18,base.user_root,2019-03-13 17:24:44,General,,False,base.user_root,2019-03-13 17:24:44,Mathematics Class 4-2019,0,,,40,0,Compulsory,Mathematics,,Theory,80,,100,20,,10,30,0,0,
__export__.education_syllabus_59_f530f6d5,True,__export__.education_academic_year_4_bba79d68,__export__.education_class_4_0614aa18,base.user_root,2019-03-13 17:24:44,General,,False,base.user_root,2019-03-13 17:24:44,Rel & Moral Edu Class 4-2019,0,,,40,0,Compulsory,Rel & Moral Edu,,Theory,80,,100,20,,10,30,0,0,
__export__.education_syllabus_60_227f5f5b,True,__export__.education_academic_year_4_bba79d68,__export__.education_class_4_0614aa18,base.user_root,2019-03-13 17:24:44,General,,False,base.user_root,2019-03-13 17:24:44,Bang & Global Int. Class 4-2019,0,,,40,0,Compulsory,Bang & Global Int.,,Theory,80,,100,20,,10,30,0,0,
__export__.education_syllabus_61_979a7220,True,__export__.education_academic_year_4_bba79d68,__export__.education_class_4_0614aa18,base.user_root,2019-03-13 17:24:44,General,,False,base.user_root,2019-03-13 17:24:44,Gen Science Class 4-2019,0,,,40,0,Compulsory,Gen Science,,Theory,80,,100,20,,10,30,0,0,
__export__.education_syllabus_62_97ecd84b,True,__export__.education_academic_year_4_bba79d68,__export__.education_class_4_0614aa18,base.user_root,2019-03-13 17:24:44,General,,False,base.user_root,2019-03-13 17:24:44,Bangla Dictation & Sp. Class 4-2019,0,,,17,0,Compulsory,Bangla Dictation & Sp.,,Theory,50,,50,0,,0,17,0,0,
__export__.education_syllabus_63_2aaa45b6,True,__export__.education_academic_year_4_bba79d68,__export__.education_class_4_0614aa18,base.user_root,2019-03-13 17:24:44,General,,False,base.user_root,2019-03-13 17:24:44,English Dictation & Sp. Class 4-2019,0,,,17,0,Compulsory,English Dictation & Sp.,,Theory,50,,50,0,,0,17,0,0,
__export__.education_syllabus_64_bb5517eb,True,__export__.education_academic_year_4_bba79d68,__export__.education_class_4_0614aa18,base.user_root,2019-03-13 17:24:44,Extra,,False,base.user_root,2019-03-13 17:24:44,General Knowledge Class 4-2019,0,,,17,0,Compulsory,General Knowledge,,Theory,50,,50,0,,0,17,0,0,
__export__.education_syllabus_65_58f17b51,True,__export__.education_academic_year_4_bba79d68,__export__.education_class_4_0614aa18,base.user_root,2019-03-13 17:24:44,Extra,,False,base.user_root,2019-03-13 17:24:44,Phy. Education Class 4-2019,0,,,17,0,Compulsory,Phy. Education,,Theory,50,,50,0,,0,17,0,0,
__export__.education_syllabus_66_8a1d37be,True,__export__.education_academic_year_4_bba79d68,__export__.education_class_4_0614aa18,base.user_root,2019-03-13 17:24:44,Extra,,False,base.user_root,2019-03-13 17:24:44,Arts & CraftsClass 4-2019,0,,,17,0,Compulsory,Arts & Crafts,,Theory,50,,50,0,,0,17,0,0,
__export__.education_syllabus_67_84edcc13,True,__export__.education_academic_year_4_bba79d68,__export__.education_class_5_3d299d3a,base.user_root,2019-03-13 17:24:44,General,,False,base.user_root,2019-03-13 17:24:44,Bangla Class 5-2019,0,,,41,0,Compulsory,Bangla,,Theory,100,,125,25,,8,33,0,0,
__export__.education_syllabus_68_28181dc6,True,__export__.education_academic_year_4_bba79d68,__export__.education_class_5_3d299d3a,base.user_root,2019-03-13 17:24:44,General,,False,base.user_root,2019-03-13 17:24:44,English Class 5-2019,0,,,41,0,Compulsory,English,,Theory,100,,125,25,,8,33,0,0,
__export__.education_syllabus_69_474caf4e,True,__export__.education_academic_year_4_bba79d68,__export__.education_class_5_3d299d3a,base.user_root,2019-03-13 17:24:44,General,,False,base.user_root,2019-03-13 17:24:44,Mathematics Class 5-2019,0,,,41,0,Compulsory,Mathematics,,Theory,100,,125,25,,8,33,0,0,
__export__.education_syllabus_70_dd2b51fc,True,__export__.education_academic_year_4_bba79d68,__export__.education_class_5_3d299d3a,base.user_root,2019-03-13 17:24:44,General,,False,base.user_root,2019-03-13 17:24:44,Rel & Moral EduClass 5-2019,0,,,41,0,Compulsory,Rel & Moral Edu,,Theory,100,,125,25,,8,33,0,0,
__export__.education_syllabus_71_63caf915,True,__export__.education_academic_year_4_bba79d68,__export__.education_class_5_3d299d3a,base.user_root,2019-03-13 17:24:44,General,,False,base.user_root,2019-03-13 17:24:44,Bang & Global Int. Class 5-2019,0,,,41,0,Compulsory,Bang & Global Int.,,Theory,100,,125,25,,8,33,0,0,
__export__.education_syllabus_72_ef3228cd,True,__export__.education_academic_year_4_bba79d68,__export__.education_class_5_3d299d3a,base.user_root,2019-03-13 17:24:44,General,,False,base.user_root,2019-03-13 17:24:44,Elementary Science Class 5-2019,0,,,41,0,Compulsory,Elementary Science,,Theory,100,,125,25,,8,33,0,0,
__export__.education_syllabus_73_bd361abc,True,__export__.education_academic_year_4_bba79d68,__export__.education_class_6_83de9d6c,base.user_root,2019-03-13 17:24:44,General,,False,base.user_root,2019-03-13 17:24:44,Bangla-1st Class 6-2019,20,,1st ,33,0,Compulsory,Bangla-1st ,,Theory,60,,100,20,,6,20,7,0,
__export__.education_syllabus_74_d73cbbaf,True,__export__.education_academic_year_4_bba79d68,__export__.education_class_6_83de9d6c,base.user_root,2019-03-13 17:24:44,General,,False,base.user_root,2019-03-13 17:24:44,Bangla-2nd Class 6-2019,20,,2nd,17,0,Compulsory,Bangla-2nd,,Theory,30,,50,0,,0,10,7,0,
__export__.education_syllabus_75_d95b2075,True,__export__.education_academic_year_4_bba79d68,__export__.education_class_6_83de9d6c,base.user_root,2019-03-13 17:24:44,General,,False,base.user_root,2019-03-13 17:24:44,English-1st Class 6-2019,0,,1st,0,0,Compulsory,English-1st,,Theory,80,,100,20,,0,0,0,0,
__export__.education_syllabus_76_dee074d4,True,__export__.education_academic_year_4_bba79d68,__export__.education_class_6_83de9d6c,base.user_root,2019-03-13 17:24:44,General,,False,base.user_root,2019-03-13 17:24:44,English-2nd Class 6-2019,0,,2nd,0,0,Compulsory,English-2nd,,Theory,50,,50,0,,0,0,0,0,
__export__.education_syllabus_77_292d73da,True,__export__.education_academic_year_4_bba79d68,__export__.education_class_6_83de9d6c,base.user_root,2019-03-13 17:24:44,General,,False,base.user_root,2019-03-13 17:24:44,Mathematics Class 6-2019,20,,,33,0,Compulsory,Mathematics,,Theory,60,,100,20,,6,20,7,0,
__export__.education_syllabus_78_e0f58bcf,True,__export__.education_academic_year_4_bba79d68,__export__.education_class_6_83de9d6c,base.user_root,2019-03-13 17:24:44,General,,False,base.user_root,2019-03-13 17:24:44,Rel & Moral Edu Class 6-2019,20,,,33,0,Compulsory,Rel & Moral Edu,,Theory,60,,100,20,,6,20,7,0,
__export__.education_syllabus_79_abfbf97d,True,__export__.education_academic_year_4_bba79d68,__export__.education_class_6_83de9d6c,base.user_root,2019-03-13 17:24:44,General,,False,base.user_root,2019-03-13 17:24:44,Bang & Global Int. Class 6-2019,20,,,33,0,Compulsory,Bang & Global Int.,,Theory,60,,100,20,,6,20,7,0,
__export__.education_syllabus_80_d36fce97,True,__export__.education_academic_year_4_bba79d68,__export__.education_class_6_83de9d6c,base.user_root,2019-03-13 17:24:44,General,,False,base.user_root,2019-03-13 17:24:44,Gen Science Class 6-2019,20,,,33,0,Compulsory,Gen Science,,Theory,60,,100,20,,6,20,7,0,
__export__.education_syllabus_81_689c2301,True,__export__.education_academic_year_4_bba79d68,__export__.education_class_6_83de9d6c,base.user_root,2019-03-13 17:24:44,General,,False,base.user_root,2019-03-13 17:24:44,ICT Class 6-2019,25,,,17,0,Compulsory,ICT,,Theory,25,,50,0,,0,8,9,0,
__export__.education_syllabus_82_9512674d,True,__export__.education_academic_year_4_bba79d68,__export__.education_class_6_83de9d6c,base.user_root,2019-03-13 17:24:44,General,,False,base.user_root,2019-03-13 17:24:44,Bangla Dictation Class 6-2019,0,,,17,0,Compulsory,Bangla Dictation,,Theory,50,,50,0,,0,17,0,0,
__export__.education_syllabus_83_3e105246,True,__export__.education_academic_year_4_bba79d68,__export__.education_class_6_83de9d6c,base.user_root,2019-03-13 17:24:44,General,,False,base.user_root,2019-03-13 17:24:44,English Dictation Class 6-2019,0,,,17,0,Compulsory,English Dictation,,Theory,50,,50,0,,0,17,0,0,
__export__.education_syllabus_84_890e9b96,True,__export__.education_academic_year_4_bba79d68,__export__.education_class_6_83de9d6c,base.user_root,2019-03-13 17:24:44,General,,False,base.user_root,2019-03-13 17:24:44,Agr./ H.Sci Class 6-2019,20,,,33,0,Compulsory,Agr./ H.Sci,,Theory,60,,100,20,,6,20,7,0,
__export__.education_syllabus_85_22b3d9a8,True,__export__.education_academic_year_4_bba79d68,__export__.education_class_6_83de9d6c,base.user_root,2019-03-13 17:24:44,Extra,,False,base.user_root,2019-03-13 17:24:44,W.& Life Ori. Edu. Class 6-2019,0,,,17,0,Compulsory,W.& Life Ori. Edu.,,Theory,50,,50,0,,0,17,0,0,
__export__.education_syllabus_86_85303b1c,True,__export__.education_academic_year_4_bba79d68,__export__.education_class_6_83de9d6c,base.user_root,2019-03-13 17:24:44,Extra,,False,base.user_root,2019-03-13 17:24:44,Arts & Crafts Class 6-2019,0,,,17,0,Compulsory,Arts & Crafts,,Theory,50,,50,0,,0,17,0,0,
__export__.education_syllabus_87_543958a2,True,__export__.education_academic_year_4_bba79d68,__export__.education_class_6_83de9d6c,base.user_root,2019-03-13 17:24:44,Extra,,False,base.user_root,2019-03-13 17:24:44,General KnowledgeClass 6-2019,0,,,17,0,Compulsory,General Knowledge,,Theory,50,,50,0,,0,17,0,0,
__export__.education_syllabus_88_093dcaa3,True,__export__.education_academic_year_4_bba79d68,__export__.education_class_6_83de9d6c,base.user_root,2019-03-13 17:24:44,Extra,,False,base.user_root,2019-03-13 17:24:44,Phy. Education Class 6-2019,0,,,17,0,Compulsory,Phy. Education,,Theory,50,,50,0,,0,17,0,0,
__export__.education_syllabus_89_b4ba0e58,True,__export__.education_academic_year_4_bba79d68,__export__.education_class_7_18380dde,base.user_root,2019-03-13 17:24:44,General,,False,base.user_root,2019-03-13 17:24:44,Bangla-1st Class 7-2019,20,,1st ,33,0,Compulsory,Bangla-1st ,,Theory,60,,100,20,,6,20,7,0,
__export__.education_syllabus_90_c36e9998,True,__export__.education_academic_year_4_bba79d68,__export__.education_class_7_18380dde,base.user_root,2019-03-13 17:24:44,General,,False,base.user_root,2019-03-13 17:24:44,Bangla-2nd Class 7-2019,20,,2nd,17,0,Compulsory,Bangla-2nd,,Theory,30,,50,0,,0,10,7,0,
__export__.education_syllabus_91_00d49964,True,__export__.education_academic_year_4_bba79d68,__export__.education_class_7_18380dde,base.user_root,2019-03-13 17:24:44,General,,False,base.user_root,2019-03-13 17:24:44,English-1st Class 7-2019,0,,1st,0,0,Compulsory,English-1st,,Theory,80,,100,20,,0,0,0,0,
__export__.education_syllabus_92_0eb04dab,True,__export__.education_academic_year_4_bba79d68,__export__.education_class_7_18380dde,base.user_root,2019-03-13 17:24:44,General,,False,base.user_root,2019-03-13 17:24:44,English-2nd Class 7-2019,0,,2nd,0,0,Compulsory,English-2nd,,Theory,50,,50,0,,0,0,0,0,
__export__.education_syllabus_93_56185c6c,True,__export__.education_academic_year_4_bba79d68,__export__.education_class_7_18380dde,base.user_root,2019-03-13 17:24:44,General,,False,base.user_root,2019-03-13 17:24:44,Mathematics Class 7-2019,20,,,33,0,Compulsory,Mathematics,,Theory,60,,100,20,,6,20,7,0,
__export__.education_syllabus_94_d1e898f6,True,__export__.education_academic_year_4_bba79d68,__export__.education_class_7_18380dde,base.user_root,2019-03-13 17:24:44,General,,False,base.user_root,2019-03-13 17:24:44,Rel & Moral Edu Class 7-2019,20,,,33,0,Compulsory,Rel & Moral Edu,,Theory,60,,100,20,,6,20,7,0,
__export__.education_syllabus_95_dbd504a5,True,__export__.education_academic_year_4_bba79d68,__export__.education_class_7_18380dde,base.user_root,2019-03-13 17:24:44,General,,False,base.user_root,2019-03-13 17:24:44,Bang & Global Int.Class 7-2019,20,,,33,0,Compulsory,Bang & Global Int.,,Theory,60,,100,20,,6,20,7,0,
__export__.education_syllabus_96_347e1f1c,True,__export__.education_academic_year_4_bba79d68,__export__.education_class_7_18380dde,base.user_root,2019-03-13 17:24:44,General,,False,base.user_root,2019-03-13 17:24:44,Gen Science Class 7-2019,20,,,33,0,Compulsory,Gen Science,,Theory,60,,100,20,,6,20,7,0,
__export__.education_syllabus_97_a9b86e0f,True,__export__.education_academic_year_4_bba79d68,__export__.education_class_7_18380dde,base.user_root,2019-03-13 17:24:44,General,,False,base.user_root,2019-03-13 17:24:44,ICT Class 7-2019,25,,,17,0,Compulsory,ICT,,Theory,25,,50,0,,0,8,9,0,
__export__.education_syllabus_98_52f97ded,True,__export__.education_academic_year_4_bba79d68,__export__.education_class_7_18380dde,base.user_root,2019-03-13 17:24:44,General,,False,base.user_root,2019-03-13 17:24:44,Bangla Dictation Class 7-2019,0,,,17,0,Compulsory,Bangla Dictation,,Theory,50,,50,0,,0,17,0,0,
__export__.education_syllabus_99_30eff732,True,__export__.education_academic_year_4_bba79d68,__export__.education_class_7_18380dde,base.user_root,2019-03-13 17:24:44,General,,False,base.user_root,2019-03-13 17:24:44,English Dictation Class 7-2019,0,,,17,0,Compulsory,English Dictation,,Theory,50,,50,0,,0,17,0,0,
__export__.education_syllabus_100_6f7a7516,True,__export__.education_academic_year_4_bba79d68,__export__.education_class_7_18380dde,base.user_root,2019-03-13 17:24:44,General,,False,base.user_root,2019-03-13 17:24:44,Agriculture Class 7-2019,20,,,33,0,Compulsory,Agriculture,,Theory,60,,100,20,,6,20,7,0,
__export__.education_syllabus_101_3f990f8e,True,__export__.education_academic_year_4_bba79d68,__export__.education_class_7_18380dde,base.user_root,2019-03-13 17:24:44,Extra,,False,base.user_root,2019-03-13 17:24:44,W.& Life Ori. Edu. Class 7-2019,0,,,17,0,Compulsory,W.& Life Ori. Edu.,,Theory,50,,50,0,,0,17,0,0,
__export__.education_syllabus_102_c6681a62,True,__export__.education_academic_year_4_bba79d68,__export__.education_class_7_18380dde,base.user_root,2019-03-13 17:24:44,Extra,,False,base.user_root,2019-03-13 17:24:44,Arts & CraftsClass 7-2019,0,,,17,0,Compulsory,Arts & Crafts,,Theory,50,,50,0,,0,17,0,0,
__export__.education_syllabus_103_51f02c49,True,__export__.education_academic_year_4_bba79d68,__export__.education_class_7_18380dde,base.user_root,2019-03-13 17:24:44,Extra,,False,base.user_root,2019-03-13 17:24:44,General Knowledge Class 7-2019,0,,,17,0,Compulsory,General Knowledge,,Theory,50,,50,0,,0,17,0,0,
__export__.education_syllabus_104_78558921,True,__export__.education_academic_year_4_bba79d68,__export__.education_class_7_18380dde,base.user_root,2019-03-13 17:24:44,Extra,,False,base.user_root,2019-03-13 17:24:44,Phy. Education Class 7-2019,0,,,17,0,Compulsory,Phy. Education,,Theory,50,,50,0,,0,17,0,0,
__export__.education_syllabus_105_b2a34e14,True,__export__.education_academic_year_4_bba79d68,__export__.education_class_8_6ebe08db,base.user_root,2019-03-13 17:24:44,General,,False,base.user_root,2019-03-13 17:24:44,Bangla Class 8-2019,30,,,33,0,Compulsory,Bangla,,Theory,70,,100,0,,0,23,10,0,
__export__.education_syllabus_106_6829b933,True,__export__.education_academic_year_4_bba79d68,__export__.education_class_8_6ebe08db,base.user_root,2019-03-13 17:24:44,General,,False,base.user_root,2019-03-13 17:24:44,English Class 8-2019,0,,,33,0,Compulsory,English,,Theory,100,,100,0,,0,33,0,0,
__export__.education_syllabus_107_ab79755b,True,__export__.education_academic_year_4_bba79d68,__export__.education_class_8_6ebe08db,base.user_root,2019-03-13 17:24:44,General,,False,base.user_root,2019-03-13 17:24:44,Mathematics Class 8-2019,30,,,33,0,Compulsory,Mathematics,,Theory,70,,100,0,,0,23,10,0,
__export__.education_syllabus_108_312a7d47,True,__export__.education_academic_year_4_bba79d68,__export__.education_class_8_6ebe08db,base.user_root,2019-03-13 17:24:44,General,,False,base.user_root,2019-03-13 17:24:44,Rel & Moral EduClass 8-2019,30,,,33,0,Compulsory,Rel & Moral Edu,,Theory,70,,100,0,,0,23,10,0,
__export__.education_syllabus_109_73745c52,True,__export__.education_academic_year_4_bba79d68,__export__.education_class_8_6ebe08db,base.user_root,2019-03-13 17:24:44,General,,False,base.user_root,2019-03-13 17:24:44,Bang & Global Int. Class 8-2019,30,,,33,0,Compulsory,Bang & Global Int.,,Theory,70,,100,0,,0,23,10,0,
__export__.education_syllabus_110_962e498c,True,__export__.education_academic_year_4_bba79d68,__export__.education_class_8_6ebe08db,base.user_root,2019-03-13 17:24:44,General,,False,base.user_root,2019-03-13 17:24:44,Gen ScienceClass 8-2019,30,,,33,0,Compulsory,Gen Science,,Theory,70,,100,0,,0,23,10,0,
__export__.education_syllabus_111_6a8c8761,True,__export__.education_academic_year_4_bba79d68,__export__.education_class_8_6ebe08db,base.user_root,2019-03-13 17:24:44,General,,False,base.user_root,2019-03-13 17:24:44,ICTClass 8-2019,25,,,17,0,Compulsory,ICT,,Theory,25,,50,0,,0,8,9,0,
__export__.education_syllabus_112_b49fe641,True,__export__.education_academic_year_4_bba79d68,__export__.education_class_8_6ebe08db,base.user_root,2019-03-13 17:24:44,Extra,,False,base.user_root,2019-03-13 17:24:44,Agriculture Class 8-2019,0,,,33,40,Compulsory,Agr./H.Sci,,Theory,60,,100,0,,0,20,0,13,
__export__.education_syllabus_113_c603fe45,True,__export__.education_academic_year_4_bba79d68,__export__.education_class_8_6ebe08db,base.user_root,2019-03-13 17:24:44,Extra,,False,base.user_root,2019-03-13 17:24:44,W.& Life Ori. Edu. Class 8-2019,0,,,10,0,Compulsory,W.& Life Ori. Edu.,,Theory,30,,30,0,,0,10,0,0,
__export__.education_syllabus_114_b0cdaecf,True,__export__.education_academic_year_4_bba79d68,__export__.education_class_8_6ebe08db,base.user_root,2019-03-13 17:24:44,Extra,,False,base.user_root,2019-03-13 17:24:44,Phy. Edu. & Health Class 8-2019,0,,,10,0,Compulsory,Phy. Edu. & Health,,Theory,30,,30,0,,0,10,0,0,
__export__.education_syllabus_115_7c8184db,True,__export__.education_academic_year_4_bba79d68,__export__.education_class_8_6ebe08db,base.user_root,2019-03-13 17:24:44,Extra,,False,base.user_root,2019-03-13 17:24:44,Arts & Crafts Class 8-2019,0,,,10,0,Compulsory,Arts & Crafts,,Theory,30,,30,0,,0,10,0,0,
__export__.education_syllabus_73_d9123162,True,__export__.education_academic_year_4_bba79d68,__export__.education_class_6_83de9d6c,base.user_root,2019-03-13 17:24:44,General,,False,base.user_root,2019-03-13 17:24:44,Bangla-1st Class 6-2019,20,,1st ,33,0,Compulsory,Bangla-1st ,,Theory,60,,100,20,,6,20,7,0,
__export__.education_syllabus_74_92dd5c71,True,__export__.education_academic_year_4_bba79d68,__export__.education_class_6_83de9d6c,base.user_root,2019-03-13 17:24:44,General,,False,base.user_root,2019-03-13 17:24:44,Bangla-2nd Class 6-2019,20,,2nd,17,0,Compulsory,Bangla-2nd,,Theory,30,,50,0,,0,10,7,0,
__export__.education_syllabus_75_a2389e8c,True,__export__.education_academic_year_4_bba79d68,__export__.education_class_6_83de9d6c,base.user_root,2019-03-13 17:24:44,General,,False,base.user_root,2019-03-13 17:24:44,English-1st Class 6-2019,0,,1st,0,0,Compulsory,English-1st,,Theory,80,,100,20,,0,0,0,0,
__export__.education_syllabus_76_c4b4b38e,True,__export__.education_academic_year_4_bba79d68,__export__.education_class_6_83de9d6c,base.user_root,2019-03-13 17:24:44,General,,False,base.user_root,2019-03-13 17:24:44,English-2nd Class 6-2019,0,,2nd,0,0,Compulsory,English-2nd,,Theory,50,,50,0,,0,0,0,0,
__export__.education_syllabus_77_a70915e4,True,__export__.education_academic_year_4_bba79d68,__export__.education_class_6_83de9d6c,base.user_root,2019-03-13 17:24:44,General,,False,base.user_root,2019-03-13 17:24:44,Mathematics Class 6-2019,20,,,33,0,Compulsory,Mathematics,,Theory,60,,100,20,,6,20,7,0,
__export__.education_syllabus_78_aa92af7f,True,__export__.education_academic_year_4_bba79d68,__export__.education_class_6_83de9d6c,base.user_root,2019-03-13 17:24:44,General,,False,base.user_root,2019-03-13 17:24:44,Rel & Moral Edu Class 6-2019,20,,,33,0,Compulsory,Rel & Moral Edu,,Theory,60,,100,20,,6,20,7,0,
__export__.education_syllabus_79_56075bd0,True,__export__.education_academic_year_4_bba79d68,__export__.education_class_6_83de9d6c,base.user_root,2019-03-13 17:24:44,General,,False,base.user_root,2019-03-13 17:24:44,Bang & Global Int. Class 6-2019,20,,,33,0,Compulsory,Bang & Global Int.,,Theory,60,,100,20,,6,20,7,0,
__export__.education_syllabus_80_568dff9b,True,__export__.education_academic_year_4_bba79d68,__export__.education_class_6_83de9d6c,base.user_root,2019-03-13 17:24:44,General,,False,base.user_root,2019-03-13 17:24:44,Gen Science Class 6-2019,20,,,33,0,Compulsory,Gen Science,,Theory,60,,100,20,,6,20,7,0,
__export__.education_syllabus_81_98272ece,True,__export__.education_academic_year_4_bba79d68,__export__.education_class_6_83de9d6c,base.user_root,2019-03-13 17:24:44,General,,False,base.user_root,2019-03-13 17:24:44,ICT Class 6-2019,25,,,17,0,Compulsory,ICT,,Theory,25,,50,0,,0,8,9,0,
__export__.education_syllabus_82_0ebbb3d5,True,__export__.education_academic_year_4_bba79d68,__export__.education_class_6_83de9d6c,base.user_root,2019-03-13 17:24:44,General,,False,base.user_root,2019-03-13 17:24:44,Bangla Dictation Class 6-2019,0,,,17,0,Compulsory,Bangla Dictation,,Theory,50,,50,0,,0,17,0,0,
__export__.education_syllabus_83_a9268239,True,__export__.education_academic_year_4_bba79d68,__export__.education_class_6_83de9d6c,base.user_root,2019-03-13 17:24:44,General,,False,base.user_root,2019-03-13 17:24:44,English Dictation Class 6-2019,0,,,17,0,Compulsory,English Dictation,,Theory,50,,50,0,,0,17,0,0,
__export__.education_syllabus_84_d645d31b,True,__export__.education_academic_year_4_bba79d68,__export__.education_class_6_83de9d6c,base.user_root,2019-03-13 17:24:44,General,,False,base.user_root,2019-03-13 17:24:44,Agr./ H.Sci Class 6-2019,20,,,33,0,Compulsory,Agr./ H.Sci,,Theory,60,,100,20,,6,20,7,0,
__export__.education_syllabus_85_16b7623f,True,__export__.education_academic_year_4_bba79d68,__export__.education_class_6_83de9d6c,base.user_root,2019-03-13 17:24:44,Extra,,False,base.user_root,2019-03-13 17:24:44,W.& Life Ori. Edu. Class 6-2019,0,,,17,0,Compulsory,W.& Life Ori. Edu.,,Theory,50,,50,0,,0,17,0,0,
__export__.education_syllabus_86_c3158c4b,True,__export__.education_academic_year_4_bba79d68,__export__.education_class_6_83de9d6c,base.user_root,2019-03-13 17:24:44,Extra,,False,base.user_root,2019-03-13 17:24:44,Arts & Crafts Class 6-2019,0,,,17,0,Compulsory,Arts & Crafts,,Theory,50,,50,0,,0,17,0,0,
__export__.education_syllabus_87_58ee5991,True,__export__.education_academic_year_4_bba79d68,__export__.education_class_6_83de9d6c,base.user_root,2019-03-13 17:24:44,Extra,,False,base.user_root,2019-03-13 17:24:44,General KnowledgeClass 6-2019,0,,,17,0,Compulsory,General Knowledge,,Theory,50,,50,0,,0,17,0,0,
__export__.education_syllabus_88_81a01793,True,__export__.education_academic_year_4_bba79d68,__export__.education_class_6_83de9d6c,base.user_root,2019-03-13 17:24:44,Extra,,False,base.user_root,2019-03-13 17:24:44,Phy. Education Class 6-2019,0,,,17,0,Compulsory,Phy. Education,,Theory,50,,50,0,,0,17,0,0,
__export__.education_syllabus_89_1c802e93,True,__export__.education_academic_year_4_bba79d68,__export__.education_class_7_18380dde,base.user_root,2019-03-13 17:24:44,General,,False,base.user_root,2019-03-13 17:24:44,Bangla-1st Class 7-2019,20,,1st ,33,0,Compulsory,Bangla-1st ,,Theory,60,,100,20,,6,20,7,0,
__export__.education_syllabus_90_29c255b4,True,__export__.education_academic_year_4_bba79d68,__export__.education_class_7_18380dde,base.user_root,2019-03-13 17:24:44,General,,False,base.user_root,2019-03-13 17:24:44,Bangla-2nd Class 7-2019,20,,2nd,17,0,Compulsory,Bangla-2nd,,Theory,30,,50,0,,0,10,7,0,
__export__.education_syllabus_91_1d5643dd,True,__export__.education_academic_year_4_bba79d68,__export__.education_class_7_18380dde,base.user_root,2019-03-13 17:24:44,General,,False,base.user_root,2019-03-13 17:24:44,English-1st Class 7-2019,0,,1st,0,0,Compulsory,English-1st,,Theory,80,,100,20,,0,0,0,0,
__export__.education_syllabus_92_16776607,True,__export__.education_academic_year_4_bba79d68,__export__.education_class_7_18380dde,base.user_root,2019-03-13 17:24:44,General,,False,base.user_root,2019-03-13 17:24:44,English-2nd Class 7-2019,0,,2nd,0,0,Compulsory,English-2nd,,Theory,50,,50,0,,0,0,0,0,
__export__.education_syllabus_93_7848152e,True,__export__.education_academic_year_4_bba79d68,__export__.education_class_7_18380dde,base.user_root,2019-03-13 17:24:44,General,,False,base.user_root,2019-03-13 17:24:44,Mathematics Class 7-2019,20,,,33,0,Compulsory,Mathematics,,Theory,60,,100,20,,6,20,7,0,
__export__.education_syllabus_94_77f8af51,True,__export__.education_academic_year_4_bba79d68,__export__.education_class_7_18380dde,base.user_root,2019-03-13 17:24:44,General,,False,base.user_root,2019-03-13 17:24:44,Rel & Moral Edu Class 7-2019,20,,,33,0,Compulsory,Rel & Moral Edu,,Theory,60,,100,20,,6,20,7,0,
__export__.education_syllabus_95_096b3985,True,__export__.education_academic_year_4_bba79d68,__export__.education_class_7_18380dde,base.user_root,2019-03-13 17:24:44,General,,False,base.user_root,2019-03-13 17:24:44,Bang & Global Int.Class 7-2019,20,,,33,0,Compulsory,Bang & Global Int.,,Theory,60,,100,20,,6,20,7,0,
__export__.education_syllabus_96_564fc786,True,__export__.education_academic_year_4_bba79d68,__export__.education_class_7_18380dde,base.user_root,2019-03-13 17:24:44,General,,False,base.user_root,2019-03-13 17:24:44,Gen Science Class 7-2019,20,,,33,0,Compulsory,Gen Science,,Theory,60,,100,20,,6,20,7,0,
__export__.education_syllabus_97_3c41b0a5,True,__export__.education_academic_year_4_bba79d68,__export__.education_class_7_18380dde,base.user_root,2019-03-13 17:24:44,General,,False,base.user_root,2019-03-13 17:24:44,ICT Class 7-2019,25,,,17,0,Compulsory,ICT,,Theory,25,,50,0,,0,8,9,0,
__export__.education_syllabus_98_cf13cec2,True,__export__.education_academic_year_4_bba79d68,__export__.education_class_7_18380dde,base.user_root,2019-03-13 17:24:44,General,,False,base.user_root,2019-03-13 17:24:44,Bangla Dictation Class 7-2019,0,,,17,0,Compulsory,Bangla Dictation,,Theory,50,,50,0,,0,17,0,0,
__export__.education_syllabus_99_769e350f,True,__export__.education_academic_year_4_bba79d68,__export__.education_class_7_18380dde,base.user_root,2019-03-13 17:24:44,General,,False,base.user_root,2019-03-13 17:24:44,English Dictation Class 7-2019,0,,,17,0,Compulsory,English Dictation,,Theory,50,,50,0,,0,17,0,0,
__export__.education_syllabus_100_7946644e,True,__export__.education_academic_year_4_bba79d68,__export__.education_class_7_18380dde,base.user_root,2019-03-13 17:24:44,General,,False,base.user_root,2019-03-13 17:24:44,Agriculture Class 7-2019,20,,,33,0,Compulsory,Agriculture,,Theory,60,,100,20,,6,20,7,0,
__export__.education_syllabus_101_96912cfd,True,__export__.education_academic_year_4_bba79d68,__export__.education_class_7_18380dde,base.user_root,2019-03-13 17:24:44,Extra,,False,base.user_root,2019-03-13 17:24:44,W.& Life Ori. Edu. Class 7-2019,0,,,17,0,Compulsory,W.& Life Ori. Edu.,,Theory,50,,50,0,,0,17,0,0,
__export__.education_syllabus_102_6dbdc01b,True,__export__.education_academic_year_4_bba79d68,__export__.education_class_7_18380dde,base.user_root,2019-03-13 17:24:44,Extra,,False,base.user_root,2019-03-13 17:24:44,Arts & CraftsClass 7-2019,0,,,17,0,Compulsory,Arts & Crafts,,Theory,50,,50,0,,0,17,0,0,
__export__.education_syllabus_103_b2f2e241,True,__export__.education_academic_year_4_bba79d68,__export__.education_class_7_18380dde,base.user_root,2019-03-13 17:24:44,Extra,,False,base.user_root,2019-03-13 17:24:44,General Knowledge Class 7-2019,0,,,17,0,Compulsory,General Knowledge,,Theory,50,,50,0,,0,17,0,0,
__export__.education_syllabus_104_09a3d86c,True,__export__.education_academic_year_4_bba79d68,__export__.education_class_7_18380dde,base.user_root,2019-03-13 17:24:44,Extra,,False,base.user_root,2019-03-13 17:24:44,Phy. Education Class 7-2019,0,,,17,0,Compulsory,Phy. Education,,Theory,50,,50,0,,0,17,0,0,
__export__.education_syllabus_105_c01468bf,True,__export__.education_academic_year_4_bba79d68,__export__.education_class_8_6ebe08db,base.user_root,2019-03-13 17:24:44,General,,False,base.user_root,2019-03-13 17:24:44,Bangla Class 8-2019,30,,,33,0,Compulsory,Bangla,,Theory,70,,100,0,,0,23,10,0,
__export__.education_syllabus_106_97421d68,True,__export__.education_academic_year_4_bba79d68,__export__.education_class_8_6ebe08db,base.user_root,2019-03-13 17:24:44,General,,False,base.user_root,2019-03-13 17:24:44,English Class 8-2019,0,,,33,0,Compulsory,English,,Theory,100,,100,0,,0,33,0,0,
__export__.education_syllabus_107_2322b745,True,__export__.education_academic_year_4_bba79d68,__export__.education_class_8_6ebe08db,base.user_root,2019-03-13 17:24:44,General,,False,base.user_root,2019-03-13 17:24:44,Mathematics Class 8-2019,30,,,33,0,Compulsory,Mathematics,,Theory,70,,100,0,,0,23,10,0,
__export__.education_syllabus_108_20937ec6,True,__export__.education_academic_year_4_bba79d68,__export__.education_class_8_6ebe08db,base.user_root,2019-03-13 17:24:44,General,,False,base.user_root,2019-03-13 17:24:44,Rel & Moral EduClass 8-2019,30,,,33,0,Compulsory,Rel & Moral Edu,,Theory,70,,100,0,,0,23,10,0,
__export__.education_syllabus_109_cc1e9dbc,True,__export__.education_academic_year_4_bba79d68,__export__.education_class_8_6ebe08db,base.user_root,2019-03-13 17:24:44,General,,False,base.user_root,2019-03-13 17:24:44,Bang & Global Int. Class 8-2019,30,,,33,0,Compulsory,Bang & Global Int.,,Theory,70,,100,0,,0,23,10,0,
__export__.education_syllabus_110_37e44446,True,__export__.education_academic_year_4_bba79d68,__export__.education_class_8_6ebe08db,base.user_root,2019-03-13 17:24:44,General,,False,base.user_root,2019-03-13 17:24:44,Gen ScienceClass 8-2019,30,,,33,0,Compulsory,Gen Science,,Theory,70,,100,0,,0,23,10,0,
__export__.education_syllabus_111_25ec4e66,True,__export__.education_academic_year_4_bba79d68,__export__.education_class_8_6ebe08db,base.user_root,2019-03-13 17:24:44,General,,False,base.user_root,2019-03-13 17:24:44,ICTClass 8-2019,25,,,17,0,Compulsory,ICT,,Theory,25,,50,0,,0,8,9,0,
__export__.education_syllabus_112_eadec13f,True,__export__.education_academic_year_4_bba79d68,__export__.education_class_8_6ebe08db,base.user_root,2019-03-13 17:24:44,Extra,,False,base.user_root,2019-03-13 17:24:44,Agriculture Class 8-2019,0,,,33,40,Compulsory,Agr./H.Sci,,Theory,60,,100,0,,0,20,0,13,
__export__.education_syllabus_113_f06a7ed3,True,__export__.education_academic_year_4_bba79d68,__export__.education_class_8_6ebe08db,base.user_root,2019-03-13 17:24:44,Extra,,False,base.user_root,2019-03-13 17:24:44,W.& Life Ori. Edu. Class 8-2019,0,,,10,0,Compulsory,W.& Life Ori. Edu.,,Theory,30,,30,0,,0,10,0,0,
__export__.education_syllabus_114_e050bb25,True,__export__.education_academic_year_4_bba79d68,__export__.education_class_8_6ebe08db,base.user_root,2019-03-13 17:24:44,Extra,,False,base.user_root,2019-03-13 17:24:44,Phy. Edu. & Health Class 8-2019,0,,,10,0,Compulsory,Phy. Edu. & Health,,Theory,30,,30,0,,0,10,0,0,
__export__.education_syllabus_115_4ce946a1,True,__export__.education_academic_year_4_bba79d68,__export__.education_class_8_6ebe08db,base.user_root,2019-03-13 17:24:44,Extra,,False,base.user_root,2019-03-13 17:24:44,Arts & Crafts Class 8-2019,0,,,10,0,Compulsory,Arts & Crafts,,Theory,30,,30,0,,0,10,0,0,
__export__.education_syllabus_118_e2575893,True,__export__.education_academic_year_4_bba79d68,__export__.education_class_9_b36d5076,base.user_root,2019-03-13 17:24:44,General,education_core.division_data1,True,base.user_root,2019-03-13 17:24:44,Bangla-1stClass 9-2019,30,,1st,33,0,Compulsory,Bangla-1st,,Theory,70,,100,0,,0,23,10,0,
__export__.education_syllabus_120_5776911c,True,__export__.education_academic_year_4_bba79d68,__export__.education_class_9_b36d5076,base.user_root,2019-03-13 17:24:44,General,,False,base.user_root,2019-03-13 17:24:44,Bangla-2nd Class 9-2019,30,,2nd ,33,0,Compulsory,Bangla-2nd ,,Theory,70,,100,0,,0,23,10,0,
__export__.education_syllabus_122_4e53973d,True,__export__.education_academic_year_4_bba79d68,__export__.education_class_9_b36d5076,base.user_root,2019-03-13 17:24:44,General,,False,base.user_root,2019-03-13 17:24:44,English-1st Class 9-2019,0,,1st,0,0,Compulsory,English-1st,,Theory,100,,100,0,,0,0,0,0,
__export__.education_syllabus_123_d010ada2,True,__export__.education_academic_year_4_bba79d68,__export__.education_class_9_b36d5076,base.user_root,2019-03-13 17:24:44,General,,False,base.user_root,2019-03-13 17:24:44,English-2nd Class 9-2019,0,,2nd,0,0,Compulsory,English-2nd,,Theory,100,,100,0,,0,0,0,0,
__export__.education_syllabus_124_29107532,True,__export__.education_academic_year_4_bba79d68,__export__.education_class_9_b36d5076,base.user_root,2019-03-13 17:24:44,General,,False,base.user_root,2019-03-13 17:24:44,ICT Class 9-2019,25,,,16,0,Compulsory,ICT,,Theory,25,,50,0,,0,8,8,0,
__export__.education_syllabus_125_d3db3435,True,__export__.education_academic_year_4_bba79d68,__export__.education_class_9_b36d5076,base.user_root,2019-03-13 17:24:44,General,,False,base.user_root,2019-03-13 17:24:44,MathematicsClass 9-2019,30,,,33,0,Compulsory,Mathematics,,Theory,70,,100,0,,0,23,10,0,
__export__.education_syllabus_126_b67d37b7,True,__export__.education_academic_year_4_bba79d68,__export__.education_class_9_b36d5076,base.user_root,2019-03-13 17:24:44,General,,False,base.user_root,2019-03-13 17:24:44,Rel & Moral Edu Class 9-2019,30,,,33,0,Compulsory,Rel & Moral Edu,,Theory,70,,100,0,,0,23,10,0,
__export__.education_syllabus_127_7c554a3f,True,__export__.education_academic_year_4_bba79d68,__export__.education_class_9_b36d5076,base.user_root,2019-03-13 17:24:44,General,education_core.division_data1,True,base.user_root,2019-03-13 17:24:44,Bang & Global Int.Class 9-2019,30,,,33,0,Compulsory,Bang & Global Int.,,Theory,70,,100,0,,0,23,10,0,
__export__.education_syllabus_128_d738f8ed,True,__export__.education_academic_year_4_bba79d68,__export__.education_class_9_b36d5076,base.user_root,2019-03-13 17:24:44,General,education_core.division_data1,True,base.user_root,2019-03-13 17:24:44,Physics Class 9-2019,20,,,34,10,Compulsory,Physics ,,Theory,50,,100,20,,7,17,7,3,
__export__.education_syllabus_129_5e7d30da,True,__export__.education_academic_year_4_bba79d68,__export__.education_class_9_b36d5076,base.user_root,2019-03-13 17:24:44,General,education_core.division_data1,True,base.user_root,2019-03-13 17:24:44,Chemistry Class 9-2019,20,,,34,10,Compulsory,Chemistry,,Theory,50,,100,20,,7,17,7,3,
__export__.education_syllabus_130_d49d82bf,True,__export__.education_academic_year_4_bba79d68,__export__.education_class_9_b36d5076,base.user_root,2019-03-13 17:24:44,General,education_core.division_data1,True,base.user_root,2019-03-13 17:24:44,H. Math Class 9-2019,20,,,34,10,Elective,H. Math,,Theory,50,,100,20,,7,17,7,3,
__export__.education_syllabus_132_1a91e34d,True,__export__.education_academic_year_4_bba79d68,__export__.education_class_9_b36d5076,base.user_root,2019-03-13 17:24:44,Extra,,False,base.user_root,2019-03-13 17:24:44,Phy. Edu. & Health Class 9-2019,0,,,33,0,Compulsory,Phy. Edu. & Health,,Theory,100,,100,0,,0,33,0,0,
__export__.education_syllabus_133_df68026e,True,__export__.education_academic_year_4_bba79d68,__export__.education_class_9_b36d5076,base.user_root,2019-03-13 17:24:44,Extra,,False,base.user_root,2019-03-13 17:24:44,Career EducationClass 9-2019,0,,,17,0,Compulsory,Career Education,,Theory,50,,50,0,,0,17,0,0,
__export__.education_syllabus_134_95f44f4d,True,__export__.education_academic_year_4_bba79d68,__export__.education_class_9_b36d5076,base.user_root,2019-03-13 17:24:44,General,education_core.division_data2,False,base.user_root,2019-03-13 17:24:44,Gen Science Class 9-2019,20,,,34,0,Elective,Gen Science,,Theory,60,,100,20,,7,20,7,0,
__export__.education_syllabus_135_993434c6,True,__export__.education_academic_year_4_bba79d68,__export__.education_class_9_b36d5076,base.user_root,2019-03-13 17:24:44,General,education_core.division_data2,True,base.user_root,2019-03-13 17:24:44,Accounting Class 9-2019,20,,,34,0,Compulsory,Accounting,,Theory,60,,100,20,,7,20,7,0,
__export__.education_syllabus_136_c939d850,True,__export__.education_academic_year_4_bba79d68,__export__.education_class_9_b36d5076,base.user_root,2019-03-13 17:24:44,General,education_core.division_data2,True,base.user_root,2019-03-13 17:24:44,Business Ent.Class 9-2019,20,,,34,0,Compulsory,Business Ent.,,Theory,60,,100,20,,7,20,7,0,
__export__.education_syllabus_137_d156e3fc,True,__export__.education_academic_year_4_bba79d68,__export__.education_class_9_b36d5076,base.user_root,2019-03-13 17:24:44,General,education_core.division_data2,True,base.user_root,2019-03-13 17:24:44,Finance & Banking Class 9-2019,20,,,34,0,Compulsory,Finance & Banking,,Theory,60,,100,20,,7,20,7,0,
__export__.education_syllabus_138_82432d6c,True,__export__.education_academic_year_4_bba79d68,__export__.education_class_9_b36d5076,base.user_root,2019-03-13 17:24:44,General,education_core.division_data2,False,base.user_root,2019-03-13 17:24:44,Home ScienceClass 9-2019,20,,,34,10,Elective,Home Science,,Theory,50,,100,20,,7,17,7,3,
__export__.education_syllabus_139_bb7e16c6,True,__export__.education_academic_year_4_bba79d68,__export__.education_class_9_b36d5076,base.user_root,2019-03-13 17:24:44,General,education_core.division_data2,False,base.user_root,2019-03-13 17:24:44,Arts & Crafts Class 9-2019,20,,,34,10,Elective,Arts & Crafts,,Theory,50,,100,20,,7,17,7,3,
__export__.education_syllabus_140_3ffa3737,True,__export__.education_academic_year_4_bba79d68,__export__.education_class_9_b36d5076,base.user_root,2019-03-13 17:24:44,General,education_core.division_data3,True,base.user_root,2019-03-13 17:24:44,Economics Class 9-2019,20,,,34,0,Compulsory,Economics,,Theory,60,,100,20,,7,20,7,0,
__export__.education_syllabus_141_96e79ad4,True,__export__.education_academic_year_4_bba79d68,__export__.education_class_9_b36d5076,base.user_root,2019-03-13 17:24:44,General,education_core.division_data3,True,base.user_root,2019-03-13 17:24:44,HB & Glb CP. Class 9-2019,20,,,34,0,Compulsory,HB & Glb CP.,,Theory,60,,100,20,,7,20,7,0,
__export__.education_syllabus_142_eed26fb8,True,__export__.education_academic_year_4_bba79d68,__export__.education_class_9_b36d5076,base.user_root,2019-03-13 17:24:44,General,education_core.division_data3,True,base.user_root,2019-03-13 17:24:44,Geography Class 9-2019,20,,,34,0,Compulsory,Geography,,Theory,60,,100,20,,7,20,7,0,
__export__.education_syllabus_143_23363f11,True,__export__.education_academic_year_4_bba79d68,__export__.education_class_10_d6bd3867,base.user_root,2019-03-13 17:24:44,General,,False,base.user_root,2019-03-13 17:24:44,Bangla-1st Class 10-2019,30,,1st,33,0,Compulsory,Bangla-1st,,Theory,70,,100,0,,0,23,10,0,
__export__.education_syllabus_144_0f1ef1c0,True,__export__.education_academic_year_4_bba79d68,__export__.education_class_10_d6bd3867,base.user_root,2019-03-13 17:24:44,General,,False,base.user_root,2019-03-13 17:24:44,Bangla-2nd Class 10-2019,30,,2nd ,33,0,Compulsory,Bangla-2nd ,,Theory,70,,100,0,,0,23,10,0,
__export__.education_syllabus_145_4a766b18,True,__export__.education_academic_year_4_bba79d68,__export__.education_class_10_d6bd3867,base.user_root,2019-03-13 17:24:44,General,,False,base.user_root,2019-03-13 17:24:44,English-1stClass 10-2019,0,,1st,0,0,Compulsory,English-1st,,Theory,100,,100,0,,0,0,0,0,
__export__.education_syllabus_146_15427235,True,__export__.education_academic_year_4_bba79d68,__export__.education_class_10_d6bd3867,base.user_root,2019-03-13 17:24:44,General,,False,base.user_root,2019-03-13 17:24:44,English-2ndClass 10-2019,0,,2nd,0,0,Compulsory,English-2nd,,Theory,100,,100,0,,0,0,0,0,
__export__.education_syllabus_147_b735bc86,True,__export__.education_academic_year_4_bba79d68,__export__.education_class_10_d6bd3867,base.user_root,2019-03-13 17:24:44,General,,False,base.user_root,2019-03-13 17:24:44,ICTClass 10-2019,25,,,17,0,Compulsory,ICT,,Theory,25,,50,0,,0,8,8,0,
__export__.education_syllabus_148_55314b13,True,__export__.education_academic_year_4_bba79d68,__export__.education_class_10_d6bd3867,base.user_root,2019-03-13 17:24:44,General,,False,base.user_root,2019-03-13 17:24:44,MathematicsClass 10-2019,30,,,33,0,Compulsory,Mathematics,,Theory,70,,100,0,,0,23,10,0,
__export__.education_syllabus_149_842b970f,True,__export__.education_academic_year_4_bba79d68,__export__.education_class_10_d6bd3867,base.user_root,2019-03-13 17:24:44,General,,False,base.user_root,2019-03-13 17:24:44,Rel & Moral EduClass 10-2019,30,,,33,0,Compulsory,Rel & Moral Edu,,Theory,70,,100,0,,0,23,10,0,
__export__.education_syllabus_150_22e9421a,True,__export__.education_academic_year_4_bba79d68,__export__.education_class_10_d6bd3867,base.user_root,2019-03-13 17:24:44,General,education_core.division_data1,True,base.user_root,2019-03-13 17:24:44,Bang & Global Int.Class 10-2019,30,,,33,0,Compulsory,Bang & Global Int.,,Theory,70,,100,0,,0,23,10,0,
__export__.education_syllabus_151_d733aefe,True,__export__.education_academic_year_4_bba79d68,__export__.education_class_10_d6bd3867,base.user_root,2019-03-13 17:24:44,General,education_core.division_data1,True,base.user_root,2019-03-13 17:24:44,Physics Class 10-2019,20,,,34,10,Compulsory,Physics ,,Theory,50,,100,20,,7,17,7,3,
__export__.education_syllabus_152_67d3cd3a,True,__export__.education_academic_year_4_bba79d68,__export__.education_class_10_d6bd3867,base.user_root,2019-03-13 17:24:44,General,education_core.division_data1,True,base.user_root,2019-03-13 17:24:44,Chemistry Class 10-2019,20,,,34,10,Compulsory,Chemistry,,Theory,50,,100,20,,7,17,7,3,
__export__.education_syllabus_153_30743217,True,__export__.education_academic_year_4_bba79d68,__export__.education_class_10_d6bd3867,base.user_root,2019-03-13 17:24:44,General,education_core.division_data1,True,base.user_root,2019-03-13 17:24:44,H. MathClass 10-2019,20,,,34,10,Elective,H. Math,,Theory,50,,100,20,,7,17,7,3,
__export__.education_syllabus_154_5f916d57,True,__export__.education_academic_year_4_bba79d68,__export__.education_class_10_d6bd3867,base.user_root,2019-03-13 17:24:44,Extra,,False,base.user_root,2019-03-13 17:24:44,Phy. Edu. & Health Class 10-2019,0,,,33,0,Compulsory,Phy. Edu. & Health,,Theory,100,,100,0,,0,33,0,0,
__export__.education_syllabus_155_1ca805f1,True,__export__.education_academic_year_4_bba79d68,__export__.education_class_10_d6bd3867,base.user_root,2019-03-13 17:24:44,Extra,,False,base.user_root,2019-03-13 17:24:44,Career EducationClass 10-2019,0,,,17,0,Compulsory,Career Education,,Theory,50,,50,0,,0,17,0,0,
__export__.education_syllabus_156_cb488bc0,True,__export__.education_academic_year_4_bba79d68,__export__.education_class_10_d6bd3867,base.user_root,2019-03-13 17:24:44,General,,False,base.user_root,2019-03-13 17:24:44,Gen ScienceClass 10-2019,20,,,34,0,Elective,Gen Science,,Theory,60,,100,20,,7,20,7,0,
__export__.education_syllabus_157_11a716d8,True,__export__.education_academic_year_4_bba79d68,__export__.education_class_10_d6bd3867,base.user_root,2019-03-13 17:24:44,General,education_core.division_data2,True,base.user_root,2019-03-13 17:24:44,Accounting Class 10-2019,20,,,34,0,Compulsory,Accounting,,Theory,60,,100,20,,7,20,7,0,
__export__.education_syllabus_158_9834fd27,True,__export__.education_academic_year_4_bba79d68,__export__.education_class_10_d6bd3867,base.user_root,2019-03-13 17:24:44,General,education_core.division_data2,True,base.user_root,2019-03-13 17:24:44,Business Ent.Class 10-2019,20,,,34,0,Compulsory,Business Ent.,,Theory,60,,100,20,,7,20,7,0,
__export__.education_syllabus_159_813a7399,True,__export__.education_academic_year_4_bba79d68,__export__.education_class_10_d6bd3867,base.user_root,2019-03-13 17:24:44,General,education_core.division_data2,True,base.user_root,2019-03-13 17:24:44,Finance & BankingClass 10-2019,20,,,34,0,Compulsory,Finance & Banking,,Theory,60,,100,20,,7,20,7,0,
__export__.education_syllabus_160_f9794a67,True,__export__.education_academic_year_4_bba79d68,__export__.education_class_10_d6bd3867,base.user_root,2019-03-13 17:24:44,General,,False,base.user_root,2019-03-13 17:24:44,Home ScienceClass 10-2019,20,,,34,10,Elective,Home Science,,Theory,50,,100,20,,7,17,7,3,
__export__.education_syllabus_161_ce0e470b,True,__export__.education_academic_year_4_bba79d68,__export__.education_class_10_d6bd3867,base.user_root,2019-03-13 17:24:44,General,,False,base.user_root,2019-03-13 17:24:44,Arts & CraftsClass 10-2019,20,,,34,10,Elective,Arts & Crafts,,Theory,50,,100,20,,7,17,7,3,
__export__.education_syllabus_162_9e75335f,True,__export__.education_academic_year_4_bba79d68,__export__.education_class_10_d6bd3867,base.user_root,2019-03-13 17:24:44,General,education_core.division_data3,True,base.user_root,2019-03-13 17:24:44,EconomicsClass 10-2019,20,,,34,0,Compulsory,Economics,,Theory,60,,100,20,,7,20,7,0,
__export__.education_syllabus_163_99dc1f50,True,__export__.education_academic_year_4_bba79d68,__export__.education_class_10_d6bd3867,base.user_root,2019-03-13 17:24:44,General,education_core.division_data3,True,base.user_root,2019-03-13 17:24:44,HB & Glb CP.Class 10-2019,20,,,34,0,Compulsory,HB & Glb CP.,,Theory,60,,100,20,,7,20,7,0,
__export__.education_syllabus_164_27ca5920,True,__export__.education_academic_year_4_bba79d68,__export__.education_class_10_d6bd3867,base.user_root,2019-03-13 17:24:44,General,education_core.division_data3,True,base.user_root,2019-03-13 17:24:44,GeographyClass 10-2019,20,,,34,0,Compulsory,Geography,,Theory,60,,100,20,,7,20,7,0,
__export__.education_syllabus_165_64a3a872,True,__export__.education_academic_year_4_bba79d68,__export__.education_class_10_d6bd3867,base.user_root,2019-03-13 17:24:44,General,education_core.division_data1,True,base.user_root,2019-03-13 17:24:44,Biology Class 10-2019,20,,,34,10,Elective,Biology,,Theory,50,,100,20,,7,17,7,3,
__export__.education_syllabus_166_f9ea41fb,True,__export__.education_academic_year_4_bba79d68,__export__.education_class_9_b36d5076,base.user_root,2019-03-13 17:24:44,General,education_core.division_data1,False,base.user_root,2019-03-13 17:24:44,BiologyClass 9-2019,20,,,34,10,Elective,Biology,,Theory,50,,100,20,,7,17,7,3,
__export__.education_syllabus_205_5403ea5b,True,__export__.education_academic_year_4_bba79d68,__export__.education_class_13_b15b48c7,base.user_root,2019-03-13 17:28:06,General,,False,base.user_root,2019-03-13 17:28:27,Bangla-1stClass XII-2019,30,,1st,33,0,Compulsory,Bangla-1st,__export__.education_subject_1_a77a3a3e,Theory,70,,100,0,,0,23,10,0,
__export__.education_syllabus_206_5ae86cf2,True,__export__.education_academic_year_4_bba79d68,__export__.education_class_13_b15b48c7,base.user_root,2019-03-13 17:28:10,General,,False,base.user_root,2019-03-13 17:29:00,Bangla-2ndClass XII-2019,0,,2nd,33,0,Compulsory,Bangla-2nd,__export__.education_subject_1_a77a3a3e,Theory,100,,100,0,,0,33,0,0,
__export__.education_syllabus_207_7f5732c6,True,__export__.education_academic_year_4_bba79d68,__export__.education_class_13_b15b48c7,base.user_root,2019-03-13 17:30:02,General,,False,base.user_root,2019-03-13 17:30:29,English-1stClass XII-2019,0,,1st,0,0,Compulsory,English-1st,__export__.education_subject_2_4229f736,Theory,0,,100,0,,0,0,0,0,
__export__.education_syllabus_208_a6dc6547,True,__export__.education_academic_year_4_bba79d68,__export__.education_class_13_b15b48c7,base.user_root,2019-03-13 17:30:36,General,,False,base.user_root,2019-03-13 17:30:52,English-2ndClass XII-2019,0,,2nd,0,0,Compulsory,English-2nd,__export__.education_subject_2_4229f736,Theory,0,,100,0,,0,0,0,0,
__export__.education_syllabus_209_1776df92,True,__export__.education_academic_year_4_bba79d68,__export__.education_class_13_b15b48c7,base.user_root,2019-03-13 17:31:22,General,,False,base.user_root,2019-03-13 17:32:06,ICTClass XII-2019,25,,,33,25,Compulsory,ICT,__export__.education_subject_6_cb1de9cd,Theory,50,,100,0,,0,17,8,8,
__export__.education_syllabus_210_98c635db,True,__export__.education_academic_year_4_bba79d68,__export__.education_class_13_b15b48c7,base.user_root,2019-03-13 17:32:49,General,,False,base.user_root,2019-03-13 17:57:24,Physics -1stClass XII-2019,25,,1st,33,25,Elective,Physics -1st,__export__.education_subject_16_22167690,Theory,50,,100,0,,0,17,8,8,
__export__.education_syllabus_211_798989d1,True,__export__.education_academic_year_4_bba79d68,__export__.education_class_13_b15b48c7,base.user_root,2019-03-13 17:33:47,General,,False,base.user_root,2019-03-13 17:57:14,Physics -2ndClass XII-2019,25,,2nd,33,25,Elective,Physics -2nd,__export__.education_subject_16_22167690,Theory,50,,100,0,,0,17,8,8,
__export__.education_syllabus_212_2c644682,True,__export__.education_academic_year_4_bba79d68,__export__.education_class_13_b15b48c7,base.user_root,2019-03-13 17:34:13,General,,False,base.user_root,2019-03-13 17:57:01,Chemistry-1stClass XII-2019,25,,1st,33,25,Elective,Chemistry-1st,__export__.education_subject_17_5c3da78e,Theory,50,,100,0,,0,17,8,8,
__export__.education_syllabus_213_a709ca2e,True,__export__.education_academic_year_4_bba79d68,__export__.education_class_13_b15b48c7,base.user_root,2019-03-13 17:34:40,General,,False,base.user_root,2019-03-13 17:56:51,Chemistry-2ndClass XII-2019,25,,2nd,33,25,Elective,Chemistry-2nd,__export__.education_subject_17_5c3da78e,Theory,50,,100,0,,0,17,8,8,
__export__.education_syllabus_214_2ad337b5,True,__export__.education_academic_year_4_bba79d68,__export__.education_class_13_b15b48c7,base.user_root,2019-03-13 17:34:58,General,,False,base.user_root,2019-03-13 17:36:10,Mathematics-1stClass XII-2019,25,,1st,33,25,Elective,Mathematics-1st,__export__.education_subject_3_c452cbc4,Theory,50,,100,0,,0,17,8,8,
__export__.education_syllabus_215_c9f96258,True,__export__.education_academic_year_4_bba79d68,__export__.education_class_13_b15b48c7,base.user_root,2019-03-13 17:36:16,General,,False,base.user_root,2019-03-13 17:36:26,Mathematics-2ndClass XII-2019,25,,2nd,33,25,Elective,Mathematics-2nd,__export__.education_subject_3_c452cbc4,Theory,50,,100,0,,0,17,8,8,
__export__.education_syllabus_216_005f4968,True,__export__.education_academic_year_4_bba79d68,__export__.education_class_13_b15b48c7,base.user_root,2019-03-13 17:36:31,General,,False,base.user_root,2019-03-13 17:36:43,Biology-1stClass XII-2019,25,,1st,33,25,Elective,Biology-1st,__export__.education_subject_19_da989b9c,Theory,50,,100,0,,0,17,8,8,
__export__.education_syllabus_217_ab59af8f,True,__export__.education_academic_year_4_bba79d68,__export__.education_class_13_b15b48c7,base.user_root,2019-03-13 17:36:47,General,,False,base.user_root,2019-03-13 17:36:55,Biology-2ndClass XII-2019,25,,2nd,33,25,Elective,Biology-2nd,__export__.education_subject_19_da989b9c,Theory,50,,100,0,,0,17,8,8,
__export__.education_syllabus_218_ce9b43f4,True,__export__.education_academic_year_4_bba79d68,__export__.education_class_13_b15b48c7,base.user_root,2019-03-13 18:08:04,General,,False,base.user_root,2019-03-13 18:08:04,Economics-1stClass XII-2019,25,,1st,33,25,Elective,Economics-1st,__export__.education_subject_8_21befee1,Theory,50,,100,0,,0,17,8,8,
__export__.education_syllabus_219_5a0bab4f,True,__export__.education_academic_year_4_bba79d68,__export__.education_class_13_b15b48c7,base.user_root,2019-03-13 18:08:35,General,,False,base.user_root,2019-03-13 18:08:44,Economics-2ndClass XII-2019,25,,2nd,33,25,Elective,Economics-2nd,__export__.education_subject_8_21befee1,Theory,50,,100,0,,0,17,8,8,
__export__.education_syllabus_220_8c663652,True,__export__.education_academic_year_4_bba79d68,__export__.education_class_13_b15b48c7,base.user_root,2019-03-13 18:08:54,General,,False,base.user_root,2019-03-13 18:11:23,Accounting-1stClass XII-2019,0,,1st,33,0,Elective,Accounting-1st,__export__.education_subject_22_2a0ef91b,Theory,100,,100,0,,0,33,0,0,
__export__.education_syllabus_221_a67174c4,True,__export__.education_academic_year_4_bba79d68,__export__.education_class_13_b15b48c7,base.user_root,2019-03-13 18:10:03,General,,False,base.user_root,2019-03-13 18:11:00,Accounting-2ndClass XII-2019,0,,2nd,33,0,Elective,Accounting-2nd,__export__.education_subject_22_2a0ef91b,Theory,100,,100,0,,0,33,0,0,
__export__.education_syllabus_222_2cc8086b,True,__export__.education_academic_year_4_bba79d68,__export__.education_class_13_b15b48c7,base.user_root,2019-03-13 18:12:19,General,,False,base.user_root,2019-03-13 18:13:00,Business Org & Mng.-1stClass XII-2019,0,,1st,33,0,Elective,Business Org & Mng.-1st,__export__.education_subject_34_7f5e4c0f,Theory,100,,100,0,,0,33,0,0,
__export__.education_syllabus_223_94d2f902,True,__export__.education_academic_year_4_bba79d68,__export__.education_class_13_b15b48c7,base.user_root,2019-03-13 18:13:06,General,,False,base.user_root,2019-03-13 18:13:12,Business Org & Mng.-2ndClass XII-2019,0,,2nd,33,0,Elective,Business Org & Mng.-2nd,__export__.education_subject_34_7f5e4c0f,Theory,100,,100,0,,0,33,0,0,
__export__.education_syllabus_224_b317b66c,True,__export__.education_academic_year_4_bba79d68,__export__.education_class_13_b15b48c7,base.user_root,2019-03-13 18:13:17,General,,False,base.user_root,2019-03-13 18:18:50,Finance & Banking Ins.-1stClass XII-2019,30,,1st,33,0,Elective,FBI.-1st,__export__.education_subject_23_86d82331,Theory,70,,100,0,,0,23,10,0,
__export__.education_syllabus_225_c6ae432d,True,__export__.education_academic_year_4_bba79d68,__export__.education_class_13_b15b48c7,base.user_root,2019-03-13 18:18:56,General,,False,base.user_root,2019-03-13 18:19:23,Finance & Banking Ins.-2ndClass XII-2019,30,,2nd,33,0,Elective,FBI.-2nd,__export__.education_subject_23_86d82331,Theory,70,,100,0,,0,23,10,0,
__export__.education_syllabus_228_cdb8a3d7,True,__export__.education_academic_year_4_bba79d68,__export__.education_class_13_b15b48c7,base.user_root,2019-03-13 18:25:10,General,,False,base.user_root,2019-03-13 18:25:45,Production Mng & Mrkt-2ndClass XII-2019,30,,2nd,33,0,Elective,PMM-2nd,__export__.education_subject_36_e6d0249a,Theory,70,,100,0,,0,23,10,0,
__export__.education_syllabus_229_406b438d,True,__export__.education_academic_year_4_bba79d68,__export__.education_class_13_b15b48c7,base.user_root,2019-03-13 18:26:14,General,,False,base.user_root,2019-03-13 18:29:05,Home Science-2ndClass XII-2019,25,,2nd,33,25,Elective,H. Science-2nd,__export__.education_subject_12_9f58f13a,Theory,50,,100,0,,0,17,8,8,
__export__.education_syllabus_230_59fccc47,True,__export__.education_academic_year_4_bba79d68,__export__.education_class_13_b15b48c7,base.user_root,2019-03-13 18:29:27,General,,False,base.user_root,2019-03-13 18:29:45,Home Science-1stClass XII-2019,25,,1st,33,25,Elective,Home Science-1st,__export__.education_subject_12_9f58f13a,Theory,50,,100,0,,0,17,8,8,
__export__.education_syllabus_231_ab32bbd9,True,__export__.education_academic_year_4_bba79d68,__export__.education_class_13_b15b48c7,base.user_root,2019-03-13 18:34:26,General,,False,base.user_root,2019-03-13 18:34:41,Production Mng & Mrkt-1stClass XII-2019,30,,1st,33,0,Elective,PMM-1st,__export__.education_subject_36_e6d0249a,Theory,70,,100,0,,0,23,10,0,
__export__.education_syllabus_232_e4d699c3,True,__export__.education_academic_year_4_bba79d68,__export__.education_class_13_b15b48c7,base.user_root,2019-03-13 18:35:26,General,,False,base.user_root,2019-03-13 18:36:21,S. Welfare-1stClass XII-2019,30,,1st,33,0,Elective,S. Welfare-1st,__export__.education_subject_37_1960fece,Theory,70,,100,0,,0,23,10,0,
__export__.education_syllabus_233_89807f79,True,__export__.education_academic_year_4_bba79d68,__export__.education_class_13_b15b48c7,base.user_root,2019-03-13 18:36:32,General,,False,base.user_root,2019-03-13 18:36:47,S. Welfare-2ndClass XII-2019,30,,2nd,33,0,Elective,S. Welfare-2nd,__export__.education_subject_37_1960fece,Theory,70,,100,0,,0,23,10,0,
__export__.education_syllabus_234_7fc171c0,True,__export__.education_academic_year_4_bba79d68,__export__.education_class_13_b15b48c7,base.user_root,2019-03-13 18:36:57,General,,False,base.user_root,2019-03-13 18:38:22,Civics & Good Governance-1stClass XII-2019,30,,1st,33,0,Elective,Civics-1st,__export__.education_subject_34_d5763a61,Theory,70,,100,0,,0,23,10,0,
__export__.education_syllabus_235_d67b30b2,True,__export__.education_academic_year_4_bba79d68,__export__.education_class_13_b15b48c7,base.user_root,2019-03-13 18:38:33,General,,False,base.user_root,2019-03-13 18:38:57,Civics & Good Governance-2ndClass XII-2019,30,,2nd,33,0,Elective,Civics-2nd,__export__.education_subject_34_d5763a61,Theory,70,,100,0,,0,23,10,0,
__export__.education_syllabus_236_33686a84,True,__export__.education_academic_year_4_bba79d68,__export__.education_class_13_b15b48c7,base.user_root,2019-03-13 18:39:13,General,,False,base.user_root,2019-03-13 18:40:34,Islamic History-1stClass XII-2019,30,,1st,33,0,Elective,I. History-1st,__export__.education_subject_35_a83ba02f,Theory,70,,100,0,,0,23,10,0,
__export__.education_syllabus_237_f6071fb2,True,__export__.education_academic_year_4_bba79d68,__export__.education_class_13_b15b48c7,base.user_root,2019-03-13 18:40:38,General,,False,base.user_root,2019-03-13 18:41:02,Islamic History-2ndClass XII-2019,30,,2nd,33,0,Elective,I. History-2nd,__export__.education_subject_35_a83ba02f,Theory,70,,100,0,,0,23,10,0,
